{"mean_c": 0.7936920279825035, "std_c": 0.0011885552871193587, "mean_b": 0.12261380430629316, "std_b": 0.0006235620775660946, "_timestamp": 1682700055.8674707, "_runtime": 41.719470739364624, "_step": 0, "_wandb": {"runtime": 41}}