{"mean_c": 0.7951182305171152, "std_c": 0.0009892638464520332, "mean_b": 0.12181182436289865, "std_b": 0.0010110830768613657, "_timestamp": 1682700768.4068558, "_runtime": 51.31106185913086, "_step": 0, "_wandb": {"runtime": 50}}