{"mean_c": 0.786790207721967, "std_c": 0.0024174682786743404, "mean_b": NaN, "std_b": NaN, "_timestamp": 1682699939.7134705, "_runtime": 5.7809083461761475, "_step": 0, "_wandb": {"runtime": 5}}