{"mean_c": 0.7777473499020479, "std_c": 0.0027080782258478435, "mean_b": 0.22345497469841957, "std_b": 0.0002755672231609097, "_timestamp": 1682700908.6906323, "_runtime": 82.42173933982849, "_step": 0, "_wandb": {"runtime": 81}}